epoch,accuracy,loss,val_accuracy,val_loss
0,0.2954770028591156,2.5414295196533203,0.37659916281700134,2.1800689697265625
1,0.387594997882843,2.146941661834717,0.40770095586776733,2.060696601867676
2,0.4158773720264435,2.058403253555298,0.4279518127441406,2.0111117362976074
3,0.43179187178611755,2.012948513031006,0.4390367567539215,1.9733964204788208
4,0.4447144865989685,1.9800585508346558,0.4498876631259918,1.948062777519226
5,0.4547249376773834,1.9543848037719727,0.4596698582172394,1.920828938484192
6,0.4643029272556305,1.9317257404327393,0.46697142720222473,1.9151246547698975
7,0.4731598198413849,1.9091614484786987,0.47658199071884155,1.885827660560608
