epoch,accuracy,loss,val_accuracy,val_loss
0,0.38642579317092896,2.153550624847412,0.449302613735199,1.9200254678726196
1,0.4638634920120239,1.9138973951339722,0.4881271719932556,1.8381673097610474
2,0.49200376868247986,1.8439704179763794,0.5129181146621704,1.7805789709091187
3,0.5153936147689819,1.7925297021865845,0.5345185399055481,1.7321653366088867
