epoch,accuracy,loss,val_accuracy,val_loss
0,0.38642579317092896,2.153550624847412,0.449302613735199,1.9200254678726196
