epoch,accuracy,loss,val_accuracy,val_loss
0,0.31575000286102295,2.4491050243377686,0.42787501215934753,2.042419195175171
1,0.44106873869895935,2.026071786880493,0.4843437373638153,1.8592565059661865
2,0.485240638256073,1.895362138748169,0.5095624923706055,1.8034343719482422
3,0.5080562233924866,1.8269248008728027,0.5330937504768372,1.7383754253387451
4,0.5303124785423279,1.7753088474273682,0.5459374785423279,1.701836109161377
5,0.5471500158309937,1.733504295349121,0.5735312700271606,1.6562381982803345
6,0.5626000165939331,1.6956309080123901,0.5720624923706055,1.6458728313446045
7,0.5710812211036682,1.6754060983657837,0.5775625109672546,1.6290785074234009
