epoch,accuracy,loss,val_accuracy,val_loss
0,0.5218155980110168,2.0927658081054688,0.5230937600135803,2.0243492126464844
1,0.5282437205314636,2.0312066078186035,0.5285624861717224,2.0062255859375
2,0.5279437303543091,2.0189948081970215,0.5300312638282776,1.9888432025909424
3,0.5320500135421753,2.0032145977020264,0.527218759059906,1.9862489700317383
4,0.5333124995231628,1.9925328493118286,0.5337187647819519,1.9804651737213135
5,0.5345093607902527,1.9874950647354126,0.5326250195503235,1.9679818153381348
6,0.5359030961990356,1.9841265678405762,0.5324062705039978,1.9633116722106934
7,0.5365343689918518,1.9856797456741333,0.5331562757492065,1.9672672748565674
